10.3.244.152,2022-01-16 13:38:22,TimeoutError
10.3.136.141,2022-01-16 13:38:43,TimeoutError
10.3.244.152,2022-01-16 13:40:15,TimeoutError
10.3.136.141,2022-01-16 13:40:36,TimeoutError
10.3.244.152,2022-01-16 13:43:28,TimeoutError
10.3.136.141,2022-01-16 13:43:49,TimeoutError
10.3.244.152,2022-01-16 13:48:45,TimeoutError
10.3.136.141,2022-01-16 13:49:06,TimeoutError
10.3.244.152,2022-01-16 13:50:01,TimeoutError
10.3.136.141,2022-01-16 13:50:22,TimeoutError
10.3.244.152,2022-01-16 13:51:27,TimeoutError
10.3.136.141,2022-01-16 13:51:48,TimeoutError
